ThisIsMyPublicKey,2020-06-12 19:46:03.876590
ThisIsMyPublicKey,2020-06-12 19:47:03.876590
ThisIsMyPublicKey,2020-06-12 19:48:03.876590
ThisIsMyPublicKey,2020-06-12 19:49:03.876590
ThisIsMyPublicKey,2020-06-12 19:50:03.876590
ThisIsMyPublicKey,2020-06-12 19:51:03.876590
ThisIsMyPublicKey,2020-06-12 19:52:03.876590
ThisIsMyPublicKey,2020-06-12 19:53:03.876590
ThisIsMyPublicKey,2020-06-12 19:54:03.876590
ThisIsMyPublicKey,2020-06-12 19:55:03.876590
ThisIsMyPublicKey,2020-06-12 19:56:03.876590
ThisIsMyPublicKey,2020-06-12 19:57:03.876590
ThisIsMyPublicKey,2020-06-12 19:58:03.876590
